[{"id":"user-image-sm1.png","publicUrl":"np://user.desktop.nicepage.com/Site_166626040/images/sm1.png","size":143355,"hash":"gN1JSesq/HIdY4MTgbSoxNEULiM=","fileName":"sm1.png","name":"sm1","width":920,"height":920,"thumbnail":{"url":"np://user.desktop.nicepage.com/Site_166626040/images/thumbnails/sm1.png","width":250,"height":250},"folderId":null,"usages":["74514378"]},{"id":"user-image-pc1.png","publicUrl":"np://user.desktop.nicepage.com/Site_166626040/images/pc1.png","size":62798,"hash":"k4VCNpZSoL5aWXkQgaC2fvo3hVw=","fileName":"pc1.png","name":"pc1","width":920,"height":512,"thumbnail":{"url":"np://user.desktop.nicepage.com/Site_166626040/images/thumbnails/pc1.png","width":250,"height":139},"folderId":null,"usages":["74514378"]},{"id":"user-image-kassa-transformed.png","publicUrl":"np://user.desktop.nicepage.com/Site_166626040/images/kassa-transformed.png","size":40688,"hash":"VA5XXsGnsGMO/PWuM3c2xuNr21M=","fileName":"kassa-transformed.png","name":"kassa-transformed","width":381,"height":300,"thumbnail":{"url":"np://user.desktop.nicepage.com/Site_166626040/images/thumbnails/kassa-transformed.png","width":250,"height":197},"folderId":null,"usages":["74514378"]},{"id":"user-image-pexels-photo-9392381.jpeg","publicUrl":"np://user.desktop.nicepage.com/Site_166626040/images/pexels-photo-9392381.jpeg","size":63722,"hash":"U818aLWbqUKr2dIZ7JFoWRcOZSs=","fileName":"pexels-photo-9392381.jpeg","name":"pexels-photo-9392381","width":720,"height":1080,"thumbnail":{"url":"np://user.desktop.nicepage.com/Site_166626040/images/thumbnails/pexels-photo-9392381.jpeg","width":167,"height":250},"folderId":null,"originalUrl":"//images01.nicepagecdn.com/a1389d7bc73adea1e1c1fb7e/e56a1c2f634f59a7a6e43f7c/pexels-photo-9392381.jpeg","usages":["74514378"]},{"id":"user-image-27230.jpg","publicUrl":"np://user.desktop.nicepage.com/Site_166626040/images/27230.jpg","size":472529,"hash":"gJWDYEczxzNPbdPlXGDFlwZY3aQ=","fileName":"27230.jpg","name":"27230","width":6001,"height":4001,"thumbnail":{"url":"np://user.desktop.nicepage.com/Site_166626040/images/thumbnails/27230.jpg","width":250,"height":167},"folderId":null,"usages":["55211726","74514378"]},{"id":"user-image-rounded-in-photoretrica.png","publicUrl":"np://user.desktop.nicepage.com/Site_166626040/images/rounded-in-photoretrica.png","size":279587,"hash":"/cnA1GZOQymiLsKsnorR97Gp5mo=","fileName":"rounded-in-photoretrica.png","name":"rounded-in-photoretrica","width":2480,"height":2484,"thumbnail":{"url":"np://user.desktop.nicepage.com/Site_166626040/images/thumbnails/rounded-in-photoretrica.png","width":250,"height":250},"folderId":null,"usages":[]}]