[{"id":"user-image-sm.png","publicUrl":"np://user.desktop.nicepage.com/Site_166626040/images/sm.png","size":8880,"hash":"N3sqHp9prV/kOzNqor/rPzSznKk=","fileName":"sm.png","name":"sm","width":920,"height":920,"thumbnail":{"url":"np://user.desktop.nicepage.com/Site_166626040/images/thumbnails/sm.png","width":250,"height":250},"folderId":null,"usages":["74514378"]},{"id":"user-image-pc.png","publicUrl":"np://user.desktop.nicepage.com/Site_166626040/images/pc.png","size":3556,"hash":"Cga+KRi5ZPKALoJ0fDGU9JOHuH8=","fileName":"pc.png","name":"pc","width":920,"height":512,"thumbnail":{"url":"np://user.desktop.nicepage.com/Site_166626040/images/thumbnails/pc.png","width":250,"height":139},"folderId":null,"usages":["74514378"]},{"id":"user-image-kassa.png","publicUrl":"np://user.desktop.nicepage.com/Site_166626040/images/kassa.png","size":13553,"hash":"TYTHSSYaOakDFsZ434Ow6xs6ZWo=","fileName":"kassa.png","name":"kassa","width":890,"height":700,"thumbnail":{"url":"np://user.desktop.nicepage.com/Site_166626040/images/thumbnails/kassa.png","width":250,"height":197},"folderId":null,"usages":["74514378"]},{"id":"user-image-pexels-photo-9392381.jpeg","publicUrl":"np://user.desktop.nicepage.com/Site_166626040/images/pexels-photo-9392381.jpeg","size":63722,"hash":"U818aLWbqUKr2dIZ7JFoWRcOZSs=","fileName":"pexels-photo-9392381.jpeg","name":"pexels-photo-9392381","width":720,"height":1080,"thumbnail":{"url":"np://user.desktop.nicepage.com/Site_166626040/images/thumbnails/pexels-photo-9392381.jpeg","width":167,"height":250},"folderId":null,"originalUrl":"//images01.nicepagecdn.com/a1389d7bc73adea1e1c1fb7e/e56a1c2f634f59a7a6e43f7c/pexels-photo-9392381.jpeg","usages":["74514378"]},{"id":"user-image-27230.jpg","publicUrl":"np://user.desktop.nicepage.com/Site_166626040/images/27230.jpg","size":472529,"hash":"gJWDYEczxzNPbdPlXGDFlwZY3aQ=","fileName":"27230.jpg","name":"27230","width":6001,"height":4001,"thumbnail":{"url":"np://user.desktop.nicepage.com/Site_166626040/images/thumbnails/27230.jpg","width":250,"height":167},"folderId":null,"usages":["55211726","74514378"]},{"id":"user-image-rounded-in-photoretrica.png","publicUrl":"np://user.desktop.nicepage.com/Site_166626040/images/rounded-in-photoretrica.png","size":279587,"hash":"/cnA1GZOQymiLsKsnorR97Gp5mo=","fileName":"rounded-in-photoretrica.png","name":"rounded-in-photoretrica","width":2480,"height":2484,"thumbnail":{"url":"np://user.desktop.nicepage.com/Site_166626040/images/thumbnails/rounded-in-photoretrica.png","width":250,"height":250},"folderId":null,"usages":[]}]