[{"id":11029727,"title":"Blog Template","order":1,"templateKey":"blog","customTemplate":false,"customTemplateFilename":null,"pageLinks":["6","5","4","3","2","1"],"dateCreated":"2023-11-27T08:49:07.296Z","dateUpdated":"2023-11-27T10:36:12.811Z","folderId":null,"pageName":"Blog Template","serverPageId":null,"sectionCount":1,"status":2,"backwardUrl":null},{"id":517417519,"title":"Post Template","order":2,"templateKey":"post","customTemplate":false,"customTemplateFilename":null,"pageLinks":[],"dateCreated":"2023-11-27T08:49:07.610Z","dateUpdated":"2023-11-27T10:31:13.756Z","folderId":null,"pageName":"Post Template","serverPageId":null,"sectionCount":1,"status":2,"backwardUrl":null},{"id":2910108827,"title":"Product List Template","order":3,"templateKey":"products","customTemplate":false,"customTemplateFilename":null,"pageLinks":[],"dateCreated":"2023-11-27T08:49:07.870Z","dateUpdated":"2023-11-27T08:49:09.882Z","folderId":null,"pageName":"Product List Template","serverPageId":null,"sectionCount":1,"status":2,"backwardUrl":null},{"id":95206249,"title":"Product Details Template","order":4,"templateKey":"product","customTemplate":false,"customTemplateFilename":null,"pageLinks":[],"dateCreated":"2023-11-27T08:49:08.188Z","dateUpdated":"2023-11-27T08:49:09.882Z","folderId":null,"pageName":"Product Details Template","serverPageId":null,"sectionCount":1,"status":2,"backwardUrl":null},{"id":326610815,"title":"Shopping Cart Template","order":5,"templateKey":"cart","customTemplate":false,"customTemplateFilename":null,"pageLinks":[],"dateCreated":"2023-11-27T08:49:08.422Z","dateUpdated":"2023-11-27T08:49:09.882Z","folderId":null,"pageName":"Shopping Cart Template","serverPageId":null,"sectionCount":1,"status":2,"backwardUrl":null},{"id":56036236,"title":"Checkout Template","order":6,"templateKey":"checkout","customTemplate":false,"customTemplateFilename":null,"pageLinks":[],"dateCreated":"2023-11-27T08:49:08.729Z","dateUpdated":"2023-11-27T08:49:09.882Z","folderId":null,"pageName":"Checkout Template","serverPageId":null,"sectionCount":1,"status":2,"backwardUrl":null},{"id":95666860,"title":"Login Template","order":7,"templateKey":"login","customTemplate":false,"customTemplateFilename":null,"pageLinks":[],"dateCreated":"2023-11-27T08:49:08.892Z","dateUpdated":"2023-11-27T08:49:09.883Z","folderId":null,"pageName":"Login Template","serverPageId":null,"sectionCount":1,"status":2,"backwardUrl":null},{"id":127840599,"title":"Page Password Template","order":8,"templateKey":"password","customTemplate":false,"customTemplateFilename":null,"pageLinks":[],"dateCreated":"2023-11-27T08:49:09.014Z","dateUpdated":"2023-11-27T08:49:09.883Z","folderId":null,"pageName":"Page Password Template","serverPageId":null,"sectionCount":1,"status":2,"backwardUrl":null},{"id":59810315,"title":"404 Not Found Template","order":9,"templateKey":"404","customTemplate":false,"customTemplateFilename":null,"pageLinks":[],"dateCreated":"2023-11-27T08:49:09.144Z","dateUpdated":"2023-11-27T08:49:09.883Z","folderId":null,"pageName":"404 Not Found Template","serverPageId":null,"sectionCount":1,"status":2,"backwardUrl":null},{"id":77900255,"title":"Thank You Page Template","order":10,"templateKey":"ThankYou","customTemplate":false,"customTemplateFilename":null,"pageLinks":[],"dateCreated":"2023-11-27T08:49:09.284Z","dateUpdated":"2023-11-27T08:49:09.883Z","folderId":null,"pageName":"Thank You Page Template","serverPageId":null,"sectionCount":1,"status":2,"backwardUrl":null},{"id":55211726,"title":"Направления","order":50,"templateKey":null,"customTemplate":false,"customTemplateFilename":null,"pageLinks":[],"dateCreated":"2023-11-27T08:49:10.695Z","dateUpdated":"2023-11-27T10:30:30.455Z","folderId":null,"pageName":"Направления_55211726","serverPageId":null,"sectionCount":1,"status":2,"backwardUrl":null},{"id":10482079,"title":"Услуги","order":100,"templateKey":null,"customTemplate":false,"customTemplateFilename":null,"pageLinks":[],"dateCreated":"2023-11-27T08:49:09.359Z","dateUpdated":"2023-11-27T08:49:09.883Z","folderId":null,"pageName":"Услуги_10482079","serverPageId":null,"sectionCount":1,"status":2,"backwardUrl":null},{"id":76838534,"title":"Контакты","order":101,"templateKey":null,"customTemplate":false,"customTemplateFilename":null,"pageLinks":[],"dateCreated":"2023-11-27T08:49:09.419Z","dateUpdated":"2023-11-27T08:49:09.883Z","folderId":null,"pageName":"Контакты_76838534","serverPageId":null,"sectionCount":1,"status":2,"backwardUrl":null},{"id":74514378,"title":"Страница 1","order":102,"templateKey":null,"customTemplate":false,"customTemplateFilename":null,"pageLinks":[],"dateCreated":"2023-11-27T10:36:12.039Z","dateUpdated":"2023-11-27T13:56:03.288Z","folderId":null,"pageName":"Страница 1_74514378","serverPageId":null,"sectionCount":3,"status":2,"backwardUrl":null}]